<?xml version="1.0" encoding="utf-8" ?>
<Patch>
	<Operation Class="PatchOperationFindMod">
		<mods>
			<li>[KV] RimFridge</li>
		</mods>
		<match Class="PatchOperationConditional">
			<xpath>/Defs/ThingDef[defName="FridgeBase"]/inspectorTabs/li[text()="ITab_Storage"]</xpath>
			<match Class="PatchOperationReplace">
				<xpath>/Defs/ThingDef[defName="FridgeBase"]/inspectorTabs/li[text()="ITab_Storage"]</xpath>
				<value>
					<li>DSGUI.DSGUI_TabModal</li>
				</value>
			</match>
		</match>
	</Operation>
</Patch>
